mysql 去重

mysql中去重 distinct用法
因为distinct必须放在要查询字段的开头

mysql> select * from temjenkins;
+------+-------------+--------+-------------+---------------------+-----------+-----------+
| job  | buildnumber | result | buildtime_m | starttime           | buildlist | slave     |
+------+-------------+--------+-------------+---------------------+-----------+-----------+
| job1 |           1 | s      |          40 | 2018-06-26 12:22:22 | aaaaaa    | 10.0.1.98 |
| job1 |           1 | s      |          40 | 2018-06-26 12:22:22 | aaaaaa    | 10.0.1.98 |
| job2 |           1 | s      |          40 | 2018-06-26 12:22:22 | aaaaaa    | 10.0.1.98 |
| job1 |           1 | a      |          41 | 2018-06-25 12:22:22 | aaaaaab   | 10.0.1.99 |
+------+-------------+--------+-------------+---------------------+-----------+-----------+
4 rows in set (0.00 sec)

mysql> select distinct job, buildnumber, result, buildtime_m, starttime, buildlist, slave from temjenkins;
+------+-------------+--------+-------------+---------------------+-----------+-----------+
| job  | buildnumber | result | buildtime_m | starttime           | buildlist | slave     |
+------+-------------+--------+-------------+---------------------+-----------+-----------+
| job1 |           1 | s      |          40 | 2018-06-26 12:22:22 | aaaaaa    | 10.0.1.98 |
| job2 |           1 | s      |          40 | 2018-06-26 12:22:22 | aaaaaa    | 10.0.1.98 |
| job1 |           1 | a      |          41 | 2018-06-25 12:22:22 | aaaaaab   | 10.0.1.99 |
+------+-------------+--------+-------------+---------------------+-----------+-----------+
3 rows in set (0.00 sec)
